{"Jet": {"0": [null, 1018250.6284164989, 644254.0651827321, null, null, null, null, null, null, 1079795.591512696, 807360.9435848298, 910626.7146098342, 579864.4310553253, 1014626.6403175176, 698032.3137855865, 969563.9088885126, null], "1": [null, 1018250.628416499, 644254.0651827321, null, null, null, null, null, null, 1079795.5915126954, 678348.1189961501, 910626.7146098342, 898224.6205029893, 1014626.6403175174, 677802.5641351322, 969563.908888513, null], "2": [null, 1033541.6635152403, 706705.4883624648, null, null, null, null, null, null, 1027101.714111851, 940717.5120175513, 942394.9140677543, 871405.3308539767, 976970.4594589402, 739939.5300513195, 993518.8521965503, null], "3": [null, 893170.7587590155, 706705.4883624648, null, null, null, null, null, null, 1027101.714111851, 940717.5120175513, 935355.5844916614, 871405.3308539767, 976970.4594589402, 739939.5300513195, 993518.8521965503, null], "4": [1062556.7890977971, 992922.9621087356, 644254.0651827321, 919470.4946661294, 271992.9165044281, 1118251.981181552, 1376032.3405244604, null, 1193286.3502267401, 1079795.5915126954, 678348.1189961501, 910626.7146098342, 898224.6205029893, 1014626.6403175174, 677802.5641351322, 969563.908888513, 670143.3541921248], "5": [null, 1033541.6635152403, 706705.4883624648, null, 371387.9436131664, 1368287.7284756785, null, null, null, 1027101.714111851, 940717.5120175513, 942394.9140677543, 871405.3308539767, 976970.4594589402, 739939.5300513195, 792690.096938409, 660433.1466430575], "6": [null, 893170.7587590155, 706705.4883624648, null, 371387.9436131664, 1368287.7284756785, null, null, null, 1027101.714111851, 940717.5120175513, 935355.5844916614, 871405.3308539767, 976970.4594589402, 739939.5300513195, 766219.901242439, 660433.1466430575], "7": [1062556.7890977971, 992922.9621087356, 773667.2937397966, 1110286.5452207974, 468366.586855667, 811939.3147861827, 909501.1062400341, null, 1275204.4683940415, 1095668.5052866202, 900156.36574419, 910626.7146098342, 1078272.1719480217, 1127492.493716093, 849917.0710371297, 969563.908888513, 654622.7976928315], "8": [null, 1033541.6635152403, 830178.4141363, null, 573785.9483385349, 710639.6181408783, null, null, null, 1136755.292302253, 1049687.0031255085, 942394.9140677543, 1049466.0973616065, 1096927.5273829703, 900616.7410416349, 792690.096938409, 643790.0124682139], "9": [null, 893170.7587590155, 830178.4141363, null, 573785.9483385349, 793274.8118591597, null, null, null, 1136755.292302253, 1049687.0031255085, 935355.5844916614, 1049466.0973616065, 1096927.5273829703, 900616.7410416349, 766219.901242439, 643790.0124682139]}, "Children": {"0": [992636.0758254018, 969390.0870087149, 623558.4606001587, 888537.4457998235, 813036.3093161134, 949887.6844929499, 997746.5981577762, 810855.3641836864, 943024.7810289067, 928266.1168354286, 890115.6170591919, 990427.7774169459, 902269.5014243643, 1019189.3165209627, 891489.5977700014, 980661.9275889276, 1019475.629408371], "1": [992636.0758254018, 969390.087008715, 623558.4606001587, 888537.4457998235, 813036.3093161134, 949887.6844929499, 450612.0160619776, 810855.3641836868, 1262351.8396841413, 928266.1168354289, 890115.6170591919, 990427.7774169459, 902269.5014243643, 1019189.3165209623, 863306.7359562967, 980661.9275889281, 735981.7553082951], "2": [996935.718625345, 974074.3503081555, 617839.8129778628, 904759.511925235, 820241.6042863536, 891760.6641640246, 451627.5428297487, 822922.1656852463, 1267993.4163561903, 924589.5513667826, 883495.0839565492, 1022270.7624158247, 902543.7320404634, 1015618.5429519325, 848266.6854872485, 999997.5911984432, 726148.7914992471], "3": [996935.718625345, 811551.379886363, 632574.0745419296, 919022.9392988444, 918724.7764952296, 891760.6641640246, 488276.1324950601, 845582.1767780896, 1270124.137318458, 924589.5513667826, 957432.3621453998, 1029924.1005137486, 1080839.1814445544, 1015618.5429519325, 1196515.3147467799, 999997.5911984432, 726148.7914992471], "4": [992636.0758254018, 1013609.8953557054, 623558.4606001587, 888537.4457998235, 810659.5982458451, 949887.6844929499, 580316.5964389705, 810855.3641836868, 1262351.8396841413, 928266.1168354289, 890115.6170591919, 990427.7774169459, 902269.5014243643, 1019189.3165209623, 863306.7359562967, 980661.9275889281, 735981.7553082951], "5": [996935.718625345, 974074.3503081555, 617839.8129778628, 904759.511925235, 886011.8660260036, 891760.6641640246, 572077.9171531993, 822922.1656852463, 1267993.4163561903, 924589.5513667826, 883495.0839565492, 1022270.7624158247, 902543.7320404634, 1015618.5429519325, 848266.6854872485, 769894.6683473587, 726148.7914992471], "6": [996935.718625345, 811551.379886363, 632574.0745419296, 919022.9392988444, 886011.8660260036, 891760.6641640246, 448063.5509821725, 845582.1767780896, 1270124.137318458, 924589.5513667826, 957432.3621453998, 1029924.1005137486, 1080839.1814445544, 1015618.5429519325, 1196515.3147467799, 769894.6683473587, 726148.7914992471], "7": [1051573.9351367687, 1013063.3158399711, 580778.8126812364, 949260.3231097322, 643965.0499583094, 912438.8199897773, 1032193.6018481352, 920128.1815704806, 1262351.8396841413, 928266.1168354289, 890115.6170591919, 990427.7774169459, 935444.2487221933, 1019189.3165209623, 837621.788708497, 967303.5918854919, 735981.7553082951], "8": [1056070.3429424127, 973071.9192753474, 575121.317905976, 934135.3175839948, 1076476.6598414255, 860729.7261608938, 1025877.1777502922, 902109.8361571754, 1267993.4163561903, 924589.5513667826, 883495.0839565492, 1022270.7624158247, 935731.0629594809, 1015618.5429519325, 822846.6343024572, 755481.4968302763, 758215.5541217718], "9": [1056070.3429424127, 812943.25601939, 589825.9119060137, 967848.4555093797, 1076476.6598414255, 860729.7261608938, 1025877.1777502922, 902109.8361571754, 1270124.137318458, 924589.5513667826, 957432.3621453998, 1029924.1005137486, 1120690.7516400765, 1015618.5429519325, 1155360.568734164, 755481.4968302763, 758215.5541217718]}, "TruthJet": {"0": [null, null, null, null, null, null, null, null, null, null, null, null, null, null, null, null, null], "1": [null, null, null, null, null, null, null, null, null, null, null, null, null, null, null, null, null], "2": [null, null, null, null, null, null, null, null, null, null, null, null, null, null, null, null, null], "3": [null, null, null, null, null, null, null, null, null, null, null, null, null, null, null, null, null], "4": [null, null, null, null, null, null, null, null, null, null, null, null, null, null, null, null, null], "5": [null, null, null, null, null, null, null, null, null, null, null, null, null, null, null, null, null], "6": [null, null, null, null, null, null, null, null, null, null, null, null, null, null, null, null, null], "7": [null, null, null, null, null, null, null, null, null, null, null, null, null, null, null, null, null], "8": [null, null, null, null, null, null, null, null, null, null, null, null, null, null, null, null, null], "9": [null, null, null, null, null, null, null, null, null, null, null, null, null, null, null, null, null]}}{"Jet": {"0": {"0": [[]], "1": [[]]}, "1": {"0": [[]], "1": [[]]}, "2": {"0": [[]], "1": [[]]}, "3": {"0": [[]], "1": [[]]}, "4": {"0": [[]], "1": [[]]}, "5": {"0": [[]], "1": [[]]}, "6": {"0": [[]], "1": [[]]}, "7": {"0": [[]], "1": [[]]}, "8": {"0": [[]], "1": [[]]}, "9": {"0": [[]], "1": [[]]}}, "Children": {"0": {"0": [[]], "1": [[]]}, "1": {"0": [[]], "1": [[]]}, "2": {"0": [[]], "1": [[]]}, "3": {"0": [[]], "1": [[]]}, "4": {"0": [[]], "1": [[]]}, "5": {"0": [[]], "1": [[]]}, "6": {"0": [[]], "1": [[]]}, "7": {"0": [[]], "1": [[]]}, "8": {"0": [[]], "1": [[]]}, "9": {"0": [[]], "1": [[]]}}, "TruthJet": {"0": {"0": [[]], "1": [[]]}, "1": {"0": [[]], "1": [[]]}, "2": {"0": [[]], "1": [[]]}, "3": {"0": [[]], "1": [[]]}, "4": {"0": [[]], "1": [[]]}, "5": {"0": [[]], "1": [[]]}, "6": {"0": [[]], "1": [[]]}, "7": {"0": [[]], "1": [[]]}, "8": {"0": [[]], "1": [[]]}, "9": {"0": [[]],