{"meta": {"version": "7.2.7", "timestamp": "2023-06-17T03:37:52.783814", "branch_coverage": false, "show_contexts": false}, "files": {"test/check.py": {"executed_lines": [1, 2, 3, 4, 5, 6, 8, 9, 11, 14, 15, 16, 17, 18, 19, 20, 22, 23, 24, 25, 26, 28, 29, 30, 31, 32, 34, 36, 52, 53, 54, 55, 56, 57, 59, 62, 63, 65, 107, 125, 127, 148, 151, 155, 158, 162, 169, 173, 194, 198, 203, 207], "summary": {"covered_lines": 43, "num_statements": 163, "percent_covered": 26.380368098159508, "percent_covered_display": "26", "missing_lines": 120, "excluded_lines": 0}, "missing_lines": [7, 10, 13, 21, 27, 33, 35, 38, 39, 40, 41, 42, 43, 44, 45, 46, 47, 48, 49, 50, 51, 58, 61, 64, 67, 69, 70, 71, 72, 74, 75, 76, 78, 79, 80, 81, 83, 84, 85, 87, 88, 89, 90, 92, 93, 94, 96, 97, 98, 99, 101, 102, 103, 105, 106, 109, 110, 111, 113, 114, 115, 116, 117, 118, 120, 121, 122, 123, 124, 129, 130, 131, 133, 134, 135, 136, 138, 139, 141, 142, 144, 145, 146, 150, 153, 154, 157, 160, 161, 164, 165, 166, 167, 174, 175, 177, 178, 179, 181, 182, 184, 185, 187, 188, 189, 190, 192, 193, 196, 197, 200, 201, 202, 205, 206, 209, 210, 211, 212, 214], "excluded_lines": []}, "test/conftest.py": {"executed_lines": [1, 2, 3, 5, 6, 7, 8, 9, 11, 12, 14, 18], "summary": {"covered_lines": 8, "num_statements": 13, "percent_covered": 61.53846153846154, "percent_covered_display": "62", "missing_lines": 5, "excluded_lines": 0}, "missing_lines": [4, 10, 13, 19, 20], "excluded_lines": []}, "test/examples/Belle.py": {"executed_lines": [1, 2, 4, 5, 13, 15, 25], "summary": {"covered_lines": 7, "num_statements": 18, "percent_covered": 38.888888888888886, "percent_covered_display": "39", "missing_lines": 11, "excluded_lines": 0}, "missing_lines": [6, 7, 8, 9, 10, 11, 16, 18, 19, 21, 26], "excluded_lines": []}, "test/examples/Event.py": {"executed_lines": [1, 2, 4, 6, 7, 10, 11, 12, 13, 15, 17, 23, 25, 27, 30, 31, 32, 33, 34, 37, 38, 39], "summary": {"covered_lines": 22, "num_statements": 22, "percent_covered": 100.0, "percent_covered_display": "100", "missing_lines": 0, "excluded_lines": 0}, "missing_lines": [], "excluded_lines": []}, "test/examples/ExampleSelection.py": {"executed_lines": [1, 3, 5, 6, 7, 8, 10, 15, 17, 18, 19, 20, 22], "summary": {"covered_lines": 13, "num_statements": 21, "percent_covered": 61.904761904761905, "percent_covered_display": "62", "missing_lines": 8, "excluded_lines": 0}, "missing_lines": [11, 12, 13, 23, 24, 25, 26, 27], "excluded_lines": []}, "test/examples/Particles.py": {"executed_lines": [1, 3, 5, 6, 8, 9, 10, 11, 12, 14, 16, 17, 19, 20, 21, 22, 24, 26, 27, 28, 29, 31, 33, 34, 35, 36], "summary": {"covered_lines": 26, "num_statements": 26, "percent_covered": 100.0, "percent_covered_display": "100", "missing_lines": 0, "excluded_lines": 0}, "missing_lines": [], "excluded_lines": []}, "test/models/CheatModel.py": {"executed_lines": [1, 2, 3, 4, 5, 6, 7, 8, 10, 12, 14, 15, 16, 17, 19, 20, 21, 23, 24, 25, 27, 29, 30, 31, 33, 34, 35, 37, 38, 40, 41, 42], "summary": {"covered_lines": 32, "num_statements": 32, "percent_covered": 100.0, "percent_covered_display": "100", "missing_lines": 0, "excluded_lines": 0}, "missing_lines": [], "excluded_lines": []}, "test/neutrino_reconstruction/NeutrinoSolutionDeconstruct.py": {"executed_lines": [1, 2, 3, 6, 8, 9, 10, 12, 13, 16, 18, 19, 22, 25, 27, 28, 29, 31, 33, 34, 36, 38, 39, 40, 41, 42, 44, 46, 48, 50, 53, 55, 60, 62, 65, 66, 67, 68, 69, 73, 74, 76, 78, 80, 81, 83, 84, 85, 86, 87, 89, 90, 92, 93, 94, 96, 97, 99, 101, 102, 104, 105, 107, 108, 109, 110, 111, 112, 114, 117, 119, 120, 122, 123, 124, 128, 129, 131, 134, 135, 139, 140, 145, 146, 148, 149, 150, 151, 153, 155, 156, 157, 158, 159, 160, 162, 163, 164, 165, 167, 168, 169, 170, 172, 173, 176, 177, 179, 181, 182, 183, 216, 217], "summary": {"covered_lines": 110, "num_statements": 144, "percent_covered": 76.38888888888889, "percent_covered_display": "76", "missing_lines": 34, "excluded_lines": 0}, "missing_lines": [4, 11, 63, 70, 137, 142, 143, 174, 184, 185, 186, 187, 188, 189, 190, 191, 192, 193, 194, 196, 197, 198, 199, 201, 202, 205, 206, 208, 210, 211, 213, 214, 219, 220], "excluded_lines": []}, "test/test_ami.py": {"executed_lines": [1, 2, 4, 5, 6, 7, 8, 9, 10, 11, 12, 13, 14, 15, 16, 18, 19, 20, 23, 24, 25, 26, 28, 29, 30, 31, 32, 34], "summary": {"covered_lines": 21, "num_statements": 31, "percent_covered": 67.74193548387096, "percent_covered_display": "68", "missing_lines": 10, "excluded_lines": 0}, "missing_lines": [3, 17, 21, 22, 27, 33, 36, 37, 38, 39], "excluded_lines": []}, "test/test_dataloader_quantization.py": {"executed_lines": [1, 2, 3, 4, 5, 6, 7, 8, 10, 12, 13, 14, 15, 16, 17, 18, 19, 20, 21, 23, 24, 25, 26, 27, 28, 29, 30, 31, 32, 33, 34, 36, 37, 38, 39, 40, 42, 43, 44, 45, 46, 48, 49, 50, 51, 53, 54, 55, 56, 57, 58, 60, 61, 62, 63, 64, 65, 66, 67, 68, 69, 72], "summary": {"covered_lines": 52, "num_statements": 64, "percent_covered": 81.25, "percent_covered_display": "81", "missing_lines": 12, "excluded_lines": 0}, "missing_lines": [9, 22, 35, 41, 47, 52, 59, 70, 71, 74, 75, 76], "excluded_lines": []}, "test/test_features.py": {"executed_lines": [1, 2, 3, 4, 6, 7, 8, 10, 11, 12, 13, 17, 18, 19, 20, 21, 22, 23, 25, 26, 27, 28, 29, 30, 31, 33, 34, 35, 36, 37, 38, 40, 41, 43, 44, 45, 46, 47, 48, 50, 51, 52, 54, 55, 56, 58, 59, 60, 62, 63, 64, 65, 66, 67, 68, 69, 70, 71, 72, 73, 74, 75, 76, 78, 79, 81, 82, 83, 84, 85, 86, 88, 89, 90, 92, 93, 94, 95, 96, 97, 98, 100, 101, 102, 103, 104, 105, 107, 109, 110, 111, 112, 114, 115, 117, 118, 119, 120, 121, 122, 123, 124, 127, 128, 130, 133, 134, 135, 136, 137, 138, 140, 141, 142, 143, 144, 147, 148, 150, 153, 154, 155, 156, 157, 158, 159, 160, 161, 163, 164, 165, 166, 167, 168, 169, 171, 172, 173, 174, 175, 176, 177, 179, 180, 181, 182, 183, 184, 185, 187, 188, 190, 191, 193, 194, 196, 197, 198, 200, 201, 202, 204, 205, 206, 208, 209, 210, 212, 214, 215, 216, 217, 219, 220, 222, 223, 224, 225, 226, 227, 228, 229, 232, 233, 235, 238, 239, 240, 241, 242, 243, 245, 246, 247, 248, 249, 252, 253, 255, 258, 259, 260, 261, 262, 263, 264, 265, 266, 268, 269, 270, 271, 272, 273, 274, 276, 277, 278, 279, 280, 281, 282, 283, 285, 286, 287, 288, 289, 290, 291, 293, 294, 296, 297, 299, 300, 302, 303, 304, 306, 307, 309, 310, 311, 312, 313, 314, 315, 316, 317, 318, 320, 321, 322, 324, 325, 326, 328], "summary": {"covered_lines": 204, "num_statements": 270, "percent_covered": 75.55555555555556, "percent_covered_display": "76", "missing_lines": 66, "excluded_lines": 0}, "missing_lines": [9, 24, 32, 39, 42, 49, 53, 57, 61, 77, 80, 87, 91, 99, 106, 113, 116, 125, 126, 129, 132, 139, 145, 146, 149, 152, 162, 170, 178, 186, 189, 192, 195, 199, 203, 207, 211, 218, 221, 230, 231, 234, 237, 244, 250, 251, 254, 257, 267, 275, 284, 292, 295, 298, 301, 305, 308, 319, 323, 327, 330, 332, 333, 334, 335, 337], "excluded_lines": []},